-9984.500000,1.118286
-9884.190000,1.118286
-9783.880000,1.118286
-9683.570000,1.118286
-9583.260000,1.118286
-9482.950000,1.118286
-9382.640000,1.118286
-9282.330000,1.118286
-9182.020000,1.118286
-9081.710000,1.118286
-8981.400000,1.118286
-8881.090000,1.118286
-8780.780000,1.118286
-8680.470000,1.118286
-8580.160000,1.118286
-8479.850000,1.118286
-8379.540000,1.118286
-8279.230000,1.118286
-8178.920000,1.118286
-8078.610000,1.118286
-7978.300000,1.092773
-7877.990000,1.065735
-7777.680000,1.039795
-7677.370000,1.014893
-7577.060000,0.990845
-7476.750000,0.967712
-7376.440000,0.945374
-7276.130000,0.923645
-7175.820000,0.902649
-7075.510000,0.882263
-6975.200000,0.862427
-6874.890000,0.843140
-6774.580000,0.824402
-6674.270000,0.806091
-6573.960000,0.788330
-6473.650000,0.770874
-6373.340000,0.753784
-6273.030000,0.737061
-6172.720000,0.720703
-6072.410000,0.704651
-5972.100000,0.688904
-5871.790000,0.673401
-5771.480000,0.658203
-5671.170000,0.643311
-5570.860000,0.628662
-5470.550000,0.614197
-5370.240000,0.599976
-5269.930000,0.585999
-5169.620000,0.572205
-5069.310000,0.558594
-4969.000000,0.545197
-4868.690000,0.531891
-4768.380000,0.518829
-4668.070000,0.505951
-4567.760000,0.493195
-4467.450000,0.480560
-4367.140000,0.468109
-4266.830000,0.455780
-4166.520000,0.443573
-4066.210000,0.431488
-3965.900000,0.419525
-3865.590000,0.407623
-3765.280000,0.395905
-3664.970000,0.384247
-3564.660000,0.372711
-3464.350000,0.361298
-3364.040000,0.349884
-3263.730000,0.338593
-3163.420000,0.327423
-3063.110000,0.316315
-2962.800000,0.305267
-2862.490000,0.294342
-2762.180000,0.283600
-2661.870000,0.272736
-2561.560000,0.261993
-2461.250000,0.251312
-2360.940000,0.240631
-2260.630000,0.230011
-2160.320000,0.219452
-2060.010000,0.208954
-1959.700000,0.198517
-1859.390000,0.188080
-1759.080000,0.177704
-1658.770000,0.167328
-1558.460000,0.157074
-1458.150000,0.146759
-1357.840000,0.136566
-1257.530000,0.126373
-1157.220000,0.116180
-1056.910000,0.105988
-956.600000,0.095856
-856.290000,0.085724
-755.980000,0.075653
-655.670000,0.065521
-555.360000,0.055450
-455.050000,0.045441
-354.740000,0.035309
-254.430000,0.025299
-154.120000,0.015228
-53.810000,0.005219
46.500000,-0.004486
146.810000,-0.014496
247.120000,-0.024567
347.430000,-0.034576
447.740000,-0.044708
548.050000,-0.054718
648.360000,-0.064789
748.670000,-0.074921
848.980000,-0.084991
949.290000,-0.095123
1049.600000,-0.105255
1149.910000,-0.115448
1250.220000,-0.125580
1350.530000,-0.135834
1450.840000,-0.146027
1551.150000,-0.156281
1651.460000,-0.166595
1751.770000,-0.176971
1852.080000,-0.187347
1952.390000,-0.197723
2052.700000,-0.208221
2153.010000,-0.218658
2253.320000,-0.229218
2353.630000,-0.239838
2453.940000,-0.250519
2554.250000,-0.261200
2654.560000,-0.272003
2754.870000,-0.282806
2855.180000,-0.293732
2955.490000,-0.304474
3055.800000,-0.315521
3156.110000,-0.326630
3256.420000,-0.337799
3356.730000,-0.349030
3457.040000,-0.360443
3557.350000,-0.371918
3657.660000,-0.383392
3757.970000,-0.395050
3858.280000,-0.406769
3958.590000,-0.418610
4058.900000,-0.430634
4159.210000,-0.442657
4259.520000,-0.454865
4359.830000,-0.467194
4460.140000,-0.479645
4560.450000,-0.492279
4660.760000,-0.505035
4761.070000,-0.517914
4861.380000,-0.530975
4961.690000,-0.544159
5062.000000,-0.557617
5162.310000,-0.571228
5262.620000,-0.584961
5362.930000,-0.598938
5463.240000,-0.613159
5563.550000,-0.627625
5663.860000,-0.642273
5764.170000,-0.657166
5864.480000,-0.672302
5964.790000,-0.687744
6065.100000,-0.703491
6165.410000,-0.719482
6265.720000,-0.735840
6366.030000,-0.752563
6466.340000,-0.769653
6566.650000,-0.787048
6666.960000,-0.804688
6767.270000,-0.823059
6867.580000,-0.841797
6967.890000,-0.861023
7068.200000,-0.880798
7168.510000,-0.901184
7268.820000,-0.922119
7369.130000,-0.943726
7469.440000,-0.966064
7569.750000,-0.989136
7670.060000,-1.013123
7770.370000,-1.037964
7870.680000,-1.063843
7970.990000,-1.090759
8071.300000,-1.118286
8171.610000,-1.118286
8271.920000,-1.118286
8372.230000,-1.118286
8472.540000,-1.118286
8572.850000,-1.118286
8673.160000,-1.118286
8773.470000,-1.118286
8873.780000,-1.118286
8974.090000,-1.118286
9074.400000,-1.118286
9174.710000,-1.118286
9275.020000,-1.118286
9375.330000,-1.118286
9475.640000,-1.118286
9575.950000,-1.118286
9676.260000,-1.118286
9776.570000,-1.118286
9876.880000,-1.118286
9977.190000,-1.118286
-8680.470000,1.118286
-8580.160000,1.118286
-8479.850000,1.118286
-8379.540000,1.118286
-8279.230000,1.118286
-8178.920000,1.118286
-8078.610000,1.118286
-7978.300000,1.118286
-7877.990000,1.118286
-7777.680000,1.118286
-7677.370000,1.118286
-7577.060000,1.118286
-7476.750000,1.118286
-7376.440000,1.118286
-7276.130000,1.118286
-7175.820000,1.118286
-7075.510000,1.118286
-6975.200000,1.104492
-6874.890000,1.072937
-6774.580000,1.042908
-6674.270000,1.014221
-6573.960000,0.986694
-6473.650000,0.960327
-6373.340000,0.934937
-6273.030000,0.910400
-6172.720000,0.886780
-6072.410000,0.863831
-5972.100000,0.841675
-5871.790000,0.820190
-5771.480000,0.799438
-5671.170000,0.779114
-5570.860000,0.759277
-5470.550000,0.739929
-5370.240000,0.721069
-5269.930000,0.702637
-5169.620000,0.684570
-5069.310000,0.666870
-4969.000000,0.649597
-4868.690000,0.632629
-4768.380000,0.615967
-4668.070000,0.599609
-4567.760000,0.583557
-4467.450000,0.567749
-4367.140000,0.552185
-4266.830000,0.536835
-4166.520000,0.521759
-4066.210000,0.506927
-3965.900000,0.492279
-3865.590000,0.477753
-3765.280000,0.463470
-3664.970000,0.449371
-3564.660000,0.435394
-3464.350000,0.421600
-3364.040000,0.407928
-3263.730000,0.394440
-3163.420000,0.381073
-3063.110000,0.367889
-2962.800000,0.354706
-2862.490000,0.341705
-2762.180000,0.328827
-2661.870000,0.316071
-2561.560000,0.303375
-2461.250000,0.290985
-2360.940000,0.278473
-2260.630000,0.266022
-2160.320000,0.253693
-2060.010000,0.241486
-1959.700000,0.229218
-1859.390000,0.217133
-1759.080000,0.205048
-1658.770000,0.193085
-1558.460000,0.181122
-1458.150000,0.169220
-1357.840000,0.157318
-1257.530000,0.145538
-1157.220000,0.133759
-1056.910000,0.122040
-956.600000,0.110382
-856.290000,0.098663
-755.980000,0.087006
-655.670000,0.075409
-555.360000,0.063812
-455.050000,0.052277
-354.740000,0.040680
-254.430000,0.029083
-154.120000,0.017548
-53.810000,0.006012
46.500000,-0.005219
146.810000,-0.016754
247.120000,-0.028290
347.430000,-0.039825
447.740000,-0.051422
548.050000,-0.063019
648.360000,-0.074554
748.670000,-0.086212
848.980000,-0.097809
949.290000,-0.109528
1049.600000,-0.121185
1149.910000,-0.132904
1250.220000,-0.144684
1350.530000,-0.156464
1450.840000,-0.168365
1551.150000,-0.180267
1651.460000,-0.192169
1751.770000,-0.204193
1852.080000,-0.216217
1952.390000,-0.228363
2052.700000,-0.240570
2153.010000,-0.252838
2253.320000,-0.265167
2353.630000,-0.277557
2453.940000,-0.290070
2554.250000,-0.302460
2654.560000,-0.315155
2754.870000,-0.327911
2855.180000,-0.340790
2955.490000,-0.353790
3055.800000,-0.366913
3156.110000,-0.380096
3256.420000,-0.393463
3356.730000,-0.406952
3457.040000,-0.420624
3557.350000,-0.434418
3657.660000,-0.448334
3757.970000,-0.462433
3858.280000,-0.476715
3958.590000,-0.491180
4058.900000,-0.505829
4159.210000,-0.520660
4259.520000,-0.535736
4359.830000,-0.551025
4460.140000,-0.566589
4560.450000,-0.582397
4660.760000,-0.598450
4761.070000,-0.614746
4861.380000,-0.631409
4961.690000,-0.648376
5062.000000,-0.665649
5162.310000,-0.683289
5262.620000,-0.701294
5362.930000,-0.719727
5463.240000,-0.738525
5563.550000,-0.757874
5663.860000,-0.777649
5764.170000,-0.797913
5864.480000,-0.818665
5964.790000,-0.840088
6065.100000,-0.862183
6165.410000,-0.885071
6265.720000,-0.908630
6366.030000,-0.933105
6466.340000,-0.958435
6566.650000,-0.984741
6666.960000,-1.012146
6767.270000,-1.040771
6867.580000,-1.070740
6967.890000,-1.102112
7068.200000,-1.118286
7168.510000,-1.118286
7268.820000,-1.118286
7369.130000,-1.118286
7469.440000,-1.118286
7569.750000,-1.118286
7670.060000,-1.118286
7770.370000,-1.118286
7870.680000,-1.118286
7970.990000,-1.118286
8071.300000,-1.118286
8171.610000,-1.118286
8271.920000,-1.118286
8372.230000,-1.118286
8472.540000,-1.118286
8572.850000,-1.118286
8673.160000,-1.118286
-7376.440000,1.118286
-7276.130000,1.118286
-7175.820000,1.118286
-7075.510000,1.118286
-6975.200000,1.118286
-6874.890000,1.118286
-6774.580000,1.118286
-6674.270000,1.118286
-6573.960000,1.118286
-6473.650000,1.118286
-6373.340000,1.118286
-6273.030000,1.118286
-6172.720000,1.118286
-6072.410000,1.118286
-5972.100000,1.118286
-5871.790000,1.082825
-5771.480000,1.047058
-5671.170000,1.013245
-5570.860000,0.981079
-5470.550000,0.950378
-5370.240000,0.921021
-5269.930000,0.892883
-5169.620000,0.865784
-5069.310000,0.839722
-4969.000000,0.814514
-4868.690000,0.790344
-4768.380000,0.766724
-4668.070000,0.743835
-4567.760000,0.721558
-4467.450000,0.699890
-4367.140000,0.678772
-4266.830000,0.658203
-4166.520000,0.638062
-4066.210000,0.618408
-3965.900000,0.599121
-3865.590000,0.580261
-3765.280000,0.561768
-3664.970000,0.543549
-3564.660000,0.525726
-3464.350000,0.508209
-3364.040000,0.490997
-3263.730000,0.473969
-3163.420000,0.457245
-3063.110000,0.440704
-2962.800000,0.424469
-2862.490000,0.408356
-2762.180000,0.392487
-2661.870000,0.376801
-2561.560000,0.361298
-2461.250000,0.345917
-2360.940000,0.330780
-2260.630000,0.315704
-2160.320000,0.300812
-2060.010000,0.286224
-1959.700000,0.271576
-1859.390000,0.256989
-1759.080000,0.242584
-1658.770000,0.228180
-1558.460000,0.213959
-1458.150000,0.199799
-1357.840000,0.185760
-1257.530000,0.171722
-1157.220000,0.157745
-1056.910000,0.143890
-956.600000,0.130035
-856.290000,0.116241
-755.980000,0.102509
-655.670000,0.088776
-555.360000,0.075165
-455.050000,0.061493
-354.740000,0.047882
-254.430000,0.034271
-154.120000,0.020721
-53.810000,0.007111
46.500000,-0.006134
146.810000,-0.019684
247.120000,-0.033295
347.430000,-0.046906
447.740000,-0.060516
548.050000,-0.074127
648.360000,-0.087799
748.670000,-0.101471
848.980000,-0.115265
949.290000,-0.129059
1049.600000,-0.142853
1149.910000,-0.156708
1250.220000,-0.170685
1350.530000,-0.184723
1450.840000,-0.198761
1551.150000,-0.212921
1651.460000,-0.227142
1751.770000,-0.241547
1852.080000,-0.255951
1952.390000,-0.270477
2052.700000,-0.285126
2153.010000,-0.299713
2253.320000,-0.314606
2353.630000,-0.329681
2453.940000,-0.344818
2554.250000,-0.360199
2654.560000,-0.375702
2754.870000,-0.391327
2855.180000,-0.407196
2955.490000,-0.423309
3055.800000,-0.439545
3156.110000,-0.456024
3256.420000,-0.472748
3356.730000,-0.489716
3457.040000,-0.506927
3557.350000,-0.524445
3657.660000,-0.542267
3757.970000,-0.560425
3858.280000,-0.578918
3958.590000,-0.597717
4058.900000,-0.617004
4159.210000,-0.636597
4259.520000,-0.656677
4359.830000,-0.677246
4460.140000,-0.698364
4560.450000,-0.719971
4660.760000,-0.742188
4761.070000,-0.765076
4861.380000,-0.788574
4961.690000,-0.812744
5062.000000,-0.837830
5162.310000,-0.863831
5262.620000,-0.890869
5362.930000,-0.918884
5463.240000,-0.948181
5563.550000,-0.978760
5663.860000,-1.010864
5764.170000,-1.044556
5864.480000,-1.080139
5964.790000,-1.117859
6065.100000,-1.118286
6165.410000,-1.118286
6265.720000,-1.118286
6366.030000,-1.118286
6466.340000,-1.118286
6566.650000,-1.118286
6666.960000,-1.118286
6767.270000,-1.118286
6867.580000,-1.118286
6967.890000,-1.118286
7068.200000,-1.118286
7168.510000,-1.118286
7268.820000,-1.118286
7369.130000,-1.118286
-6072.410000,1.118286
-5972.100000,1.118286
-5871.790000,1.118286
-5771.480000,1.118286
-5671.170000,1.118286
-5570.860000,1.118286
-5470.550000,1.118286
-5370.240000,1.118286
-5269.930000,1.118286
-5169.620000,1.118286
-5069.310000,1.118286
-4969.000000,1.118286
-4868.690000,1.097229
-4768.380000,1.053101
-4668.070000,1.011902
-4567.760000,0.973083
-4467.450000,0.936462
-4367.140000,0.901672
-4266.830000,0.868530
-4166.520000,0.836853
-4066.210000,0.806519
-3965.900000,0.777527
-3865.590000,0.749451
-3765.280000,0.722290
-3664.970000,0.696045
-3564.660000,0.670593
-3464.350000,0.645874
-3364.040000,0.621887
-3263.730000,0.598389
-3163.420000,0.575562
-3063.110000,0.553223
-2962.800000,0.531464
-2862.490000,0.510101
-2762.180000,0.489166
-2661.870000,0.468536
-2561.560000,0.448395
-2461.250000,0.428497
-2360.940000,0.408966
-2260.630000,0.389679
-2160.320000,0.370758
-2060.010000,0.351959
-1959.700000,0.333466
-1859.390000,0.315216
-1759.080000,0.297150
-1658.770000,0.279449
-1558.460000,0.261749
-1458.150000,0.244171
-1357.840000,0.226715
-1257.530000,0.209442
-1157.220000,0.192352
-1056.910000,0.175262
-956.600000,0.158295
-856.290000,0.141449
-755.980000,0.124725
-655.670000,0.108002
-555.360000,0.091339
-455.050000,0.074738
-354.740000,0.058197
-254.430000,0.041656
-154.120000,0.025177
-53.810000,0.008698
46.500000,-0.007477
146.810000,-0.023956
247.120000,-0.040436
347.430000,-0.056976
447.740000,-0.073517
548.050000,-0.090118
648.360000,-0.106781
748.670000,-0.123505
848.980000,-0.140228
949.290000,-0.157074
1049.600000,-0.174042
1149.910000,-0.191071
1250.220000,-0.208221
1350.530000,-0.225494
1450.840000,-0.242889
1551.150000,-0.260468
1651.460000,-0.278107
1751.770000,-0.295868
1852.080000,-0.313873
1952.390000,-0.332123
2052.700000,-0.350616
2153.010000,-0.369354
2253.320000,-0.388336
2353.630000,-0.407562
2453.940000,-0.427094
2554.250000,-0.446930
2654.560000,-0.467072
2754.870000,-0.487640
2855.180000,-0.508514
2955.490000,-0.529877
3055.800000,-0.551636
3156.110000,-0.573975
3256.420000,-0.596741
3356.730000,-0.620117
3457.040000,-0.644104
3557.350000,-0.668762
3657.660000,-0.694153
3757.970000,-0.720337
3858.280000,-0.747437
3958.590000,-0.775452
4058.900000,-0.804565
4159.210000,-0.834595
4259.520000,-0.866150
4359.830000,-0.899170
4460.140000,-0.933899
4560.450000,-0.970337
4660.760000,-1.008972
4761.070000,-1.050049
4861.380000,-1.093933
4961.690000,-1.118286
5062.000000,-1.118286
5162.310000,-1.118286
5262.620000,-1.118286
5362.930000,-1.118286
5463.240000,-1.118286
5563.550000,-1.118286
5663.860000,-1.118286
5764.170000,-1.118286
5864.480000,-1.118286
5964.790000,-1.118286
6065.100000,-1.118286
-4768.380000,1.118286
-4668.070000,1.118286
-4567.760000,1.118286
-4467.450000,1.118286
-4367.140000,1.118286
-4266.830000,1.118286
-4166.520000,1.118286
-4066.210000,1.118286
-3965.900000,1.118286
-3865.590000,1.118286
-3765.280000,1.062622
-3664.970000,1.009827
-3564.660000,0.960999
-3464.350000,0.915466
-3364.040000,0.872803
-3263.730000,0.832520
-3163.420000,0.794495
-3063.110000,0.758179
-2962.800000,0.723389
-2862.490000,0.690125
-2762.180000,0.658081
-2661.870000,0.627197
-2561.560000,0.597351
-2461.250000,0.568420
-2360.940000,0.540314
-2260.630000,0.512970
-2160.320000,0.486298
-2060.010000,0.460236
-1959.700000,0.434845
-1859.390000,0.409882
-1759.080000,0.385406
-1658.770000,0.361420
-1558.460000,0.337738
-1458.150000,0.314484
-1357.840000,0.291656
-1257.530000,0.269012
-1157.220000,0.246674
-1056.910000,0.224457
-956.600000,0.202545
-856.290000,0.180817
-755.980000,0.159210
-655.670000,0.137787
-555.360000,0.116486
-455.050000,0.095245
-354.740000,0.074127
-254.430000,0.053070
-154.120000,0.032074
-53.810000,0.011078
46.500000,-0.009552
146.810000,-0.030548
247.120000,-0.051544
347.430000,-0.072601
447.740000,-0.093719
548.050000,-0.114899
648.360000,-0.136200
748.670000,-0.157623
848.980000,-0.179230
949.290000,-0.200958
1049.600000,-0.222870
1149.910000,-0.245026
1250.220000,-0.267365
1350.530000,-0.290009
1450.840000,-0.312775
1551.150000,-0.336029
1651.460000,-0.359650
1751.770000,-0.383636
1852.080000,-0.408051
1952.390000,-0.433014
2052.700000,-0.458405
2153.010000,-0.484406
2253.320000,-0.511017
2353.630000,-0.538239
2453.940000,-0.566345
2554.250000,-0.595215
2654.560000,-0.625000
2754.870000,-0.655762
2855.180000,-0.687744
2955.490000,-0.720947
3055.800000,-0.755554
3156.110000,-0.791809
3256.420000,-0.829651
3356.730000,-0.869812
3457.040000,-0.912292
3557.350000,-0.957581
3657.660000,-1.006165
3757.970000,-1.058594
3858.280000,-1.115723
3958.590000,-1.118286
4058.900000,-1.118286
4159.210000,-1.118286
4259.520000,-1.118286
4359.830000,-1.118286
4460.140000,-1.118286
4560.450000,-1.118286
4660.760000,-1.118286
4761.070000,-1.118286
-3464.350000,1.118286
-3364.040000,1.118286
-3263.730000,1.118286
-3163.420000,1.118286
-3063.110000,1.118286
-2962.800000,1.118286
-2862.490000,1.118286
-2762.180000,1.079468
-2661.870000,1.006226
-2561.560000,0.940369
-2461.250000,0.880310
-2360.940000,0.824951
-2260.630000,0.773621
-2160.320000,0.725342
-2060.010000,0.679871
-1959.700000,0.636658
-1859.390000,0.595459
-1759.080000,0.555969
-1658.770000,0.518036
-1558.460000,0.481354
-1458.150000,0.445892
-1357.840000,0.411469
-1257.530000,0.377960
-1157.220000,0.345184
-1056.910000,0.313141
-956.600000,0.281830
-856.290000,0.250946
-755.980000,0.220490
-655.670000,0.190460
-555.360000,0.160736
-455.050000,0.131317
-354.740000,0.102081
-254.430000,0.073029
-154.120000,0.044159
-53.810000,0.015289
46.500000,-0.013214
146.810000,-0.042023
247.120000,-0.070953
347.430000,-0.099945
447.740000,-0.129181
548.050000,-0.158600
648.360000,-0.188263
748.670000,-0.218292
848.980000,-0.248749
949.290000,-0.279572
1049.600000,-0.310822
1149.910000,-0.342804
1250.220000,-0.375519
1350.530000,-0.408966
1450.840000,-0.443390
1551.150000,-0.478729
1651.460000,-0.515289
1751.770000,-0.553162
1852.080000,-0.592468
1952.390000,-0.633606
2052.700000,-0.676575
2153.010000,-0.721985
2253.320000,-0.770020
2353.630000,-0.821045
2453.940000,-0.876099
2554.250000,-0.935791
2654.560000,-1.001160
2754.870000,-1.073853
2855.180000,-1.118286
2955.490000,-1.118286
3055.800000,-1.118286
3156.110000,-1.118286
3256.420000,-1.118286
3356.730000,-1.118286
3457.040000,-1.118286
-2160.320000,1.118286
-2060.010000,1.118286
-1959.700000,1.118286
-1859.390000,1.118286
-1759.080000,1.118103
-1658.770000,0.998352
-1558.460000,0.897034
-1458.150000,0.808594
-1357.840000,0.729675
-1257.530000,0.657715
-1157.220000,0.591248
-1056.910000,0.529205
-956.600000,0.470673
-856.290000,0.414948
-755.980000,0.361664
-655.670000,0.310211
-555.360000,0.260468
-455.050000,0.211823
-354.740000,0.164093
-254.430000,0.117157
-154.120000,0.070709
-53.810000,0.024506
46.500000,-0.021149
146.810000,-0.067352
247.120000,-0.113739
347.430000,-0.160675
447.740000,-0.208282
548.050000,-0.256866
648.360000,-0.306488
748.670000,-0.357819
848.980000,-0.410980
949.290000,-0.466522
1049.600000,-0.524811
1149.910000,-0.586609
1250.220000,-0.652710
1350.530000,-0.724243
1450.840000,-0.802734
1551.150000,-0.890198
1651.460000,-0.990417
1751.770000,-1.108582
1852.080000,-1.118286
1952.390000,-1.118286
2052.700000,-1.118286
2153.010000,-1.118286
-856.290000,1.118286
-755.980000,1.118286
-655.670000,0.967957
-555.360000,0.747192
-455.050000,0.574951
-354.740000,0.429047
-254.430000,0.298615
-154.120000,0.177582
-53.810000,0.061310
46.500000,-0.052948
146.810000,-0.168976
247.120000,-0.289703
347.430000,-0.419037
447.740000,-0.563599
548.050000,-0.733337
648.360000,-0.949280
748.670000,-1.118286
848.980000,-1.118286
-354.740000,-1.118286
-254.430000,-0.687927
-154.120000,-0.378387
-53.810000,-0.126801
46.500000,0.109406
146.810000,0.358795
247.120000,0.661682
347.430000,1.118286
-1658.770000,-1.118286
-1558.460000,-1.118286
-1458.150000,-1.118286
-1357.840000,-1.058350
-1257.530000,-0.922302
-1157.220000,-0.808899
-1056.910000,-0.710632
-956.600000,-0.622742
-856.290000,-0.542694
-755.980000,-0.468475
-655.670000,-0.398834
-555.360000,-0.332672
-455.050000,-0.269379
-354.740000,-0.207977
-254.430000,-0.148102
-154.120000,-0.089203
-53.810000,-0.030975
46.500000,0.026703
146.810000,0.084930
247.120000,0.143768
347.430000,0.203583
447.740000,0.264862
548.050000,0.327972
648.360000,0.393890
748.670000,0.463287
848.980000,0.537079
949.290000,0.616699
1049.600000,0.703918
1149.910000,0.801453
1250.220000,0.913391
1350.530000,1.047363
1450.840000,1.118286
1551.150000,1.118286
1651.460000,1.118286
-2962.800000,-1.118286
-2862.490000,-1.118286
-2762.180000,-1.118286
-2661.870000,-1.118286
-2561.560000,-1.118286
-2461.250000,-1.118286
-2360.940000,-1.041382
-2260.630000,-0.962402
-2160.320000,-0.891785
-2060.010000,-0.827576
-1959.700000,-0.768738
-1859.390000,-0.713867
-1759.080000,-0.662476
-1658.770000,-0.613953
-1558.460000,-0.567932
-1458.150000,-0.523956
-1357.840000,-0.481720
-1257.530000,-0.441071
-1157.220000,-0.401764
-1056.910000,-0.363556
-956.600000,-0.326385
-856.290000,-0.290192
-755.980000,-0.254608
-655.670000,-0.219574
-555.360000,-0.185150
-455.050000,-0.151093
-354.740000,-0.117401
-254.430000,-0.083954
-154.120000,-0.050751
-53.810000,-0.017609
46.500000,0.015167
146.810000,0.048309
247.120000,0.081512
347.430000,0.114960
447.740000,0.148651
548.050000,0.182648
648.360000,0.217072
748.670000,0.252045
848.980000,0.287567
949.290000,0.323700
1049.600000,0.360870
1149.910000,0.398895
1250.220000,0.438202
1350.530000,0.478729
1450.840000,0.520782
1551.150000,0.564636
1651.460000,0.610535
1751.770000,0.658813
1852.080000,0.710022
1952.390000,0.764587
2052.700000,0.823120
2153.010000,0.886902
2253.320000,0.957031
2353.630000,1.035278
2453.940000,1.118286
2554.250000,1.118286
2654.560000,1.118286
2754.870000,1.118286
2855.180000,1.118286
2955.490000,1.118286
-4266.830000,-1.118286
-4166.520000,-1.118286
-4066.210000,-1.118286
-3965.900000,-1.118286
-3865.590000,-1.118286
-3765.280000,-1.118286
-3664.970000,-1.118286
-3564.660000,-1.118286
-3464.350000,-1.095703
-3364.040000,-1.034729
-3263.730000,-0.979065
-3163.420000,-0.927673
-3063.110000,-0.879944
-2962.800000,-0.835144
-2862.490000,-0.793152
-2762.180000,-0.753174
-2661.870000,-0.715149
-2561.560000,-0.678833
-2461.250000,-0.643982
-2360.940000,-0.610474
-2260.630000,-0.578186
-2160.320000,-0.546906
-2060.010000,-0.516571
-1959.700000,-0.487091
-1859.390000,-0.458344
-1759.080000,-0.430328
-1658.770000,-0.402924
-1558.460000,-0.376068
-1458.150000,-0.349701
-1357.840000,-0.323883
-1257.530000,-0.298431
-1157.220000,-0.273468
-1056.910000,-0.248749
-956.600000,-0.224274
-856.290000,-0.200043
-755.980000,-0.176117
-655.670000,-0.152313
-555.360000,-0.128693
-455.050000,-0.105194
-354.740000,-0.081879
-254.430000,-0.058624
-154.120000,-0.035370
-53.810000,-0.012238
46.500000,0.010590
146.810000,0.033722
247.120000,0.056915
347.430000,0.080170
447.740000,0.103485
548.050000,0.126984
648.360000,0.150543
748.670000,0.174347
848.980000,0.198334
949.290000,0.222504
1049.600000,0.246979
1149.910000,0.271698
1250.220000,0.296600
1350.530000,0.321991
1450.840000,0.347809
1551.150000,0.374115
1651.460000,0.400909
1751.770000,0.428314
1852.080000,0.456268
1952.390000,0.484955
2052.700000,0.514374
2153.010000,0.544647
2253.320000,0.575867
2353.630000,0.608093
2453.940000,0.641541
2554.250000,0.676208
2654.560000,0.712463
2754.870000,0.750366
2855.180000,0.790161
2955.490000,0.831970
3055.800000,0.876587
3156.110000,0.924072
3256.420000,0.975220
3356.730000,1.030518
3457.040000,1.091064
3557.350000,1.118286
3657.660000,1.118286
3757.970000,1.118286
3858.280000,1.118286
3958.590000,1.118286
4058.900000,1.118286
4159.210000,1.118286
4259.520000,1.118286
-5570.860000,-1.118286
-5470.550000,-1.118286
-5370.240000,-1.118286
-5269.930000,-1.118286
-5169.620000,-1.118286
-5069.310000,-1.118286
-4969.000000,-1.118286
-4868.690000,-1.118286
-4768.380000,-1.118286
-4668.070000,-1.118286
-4567.760000,-1.118286
-4467.450000,-1.077271
-4367.140000,-1.031189
-4266.830000,-0.988220
-4166.520000,-0.947876
-4066.210000,-0.909729
-3965.900000,-0.873657
-3865.590000,-0.839233
-3765.280000,-0.806458
-3664.970000,-0.775146
-3564.660000,-0.744995
-3464.350000,-0.715881
-3364.040000,-0.687805
-3263.730000,-0.660583
-3163.420000,-0.634216
-3063.110000,-0.608582
-2962.800000,-0.583740
-2862.490000,-0.559448
-2762.180000,-0.535736
-2661.870000,-0.512604
-2561.560000,-0.489960
-2461.250000,-0.467743
-2360.940000,-0.445953
-2260.630000,-0.424591
-2160.320000,-0.403534
-2060.010000,-0.382843
-1959.700000,-0.362457
-1859.390000,-0.342316
-1759.080000,-0.322540
-1658.770000,-0.302948
-1558.460000,-0.283722
-1458.150000,-0.264557
-1357.840000,-0.245575
-1257.530000,-0.226776
-1157.220000,-0.208099
-1056.910000,-0.189606
-956.600000,-0.171234
-856.290000,-0.152924
-755.980000,-0.134796
-655.670000,-0.116730
-555.360000,-0.098663
-455.050000,-0.080719
-354.740000,-0.062897
-254.430000,-0.045013
-154.120000,-0.027191
-53.810000,-0.009369
46.500000,0.008087
146.810000,0.025909
247.120000,0.043732
347.430000,0.061554
447.740000,0.079437
548.050000,0.097382
648.360000,0.115387
748.670000,0.133453
848.980000,0.151642
949.290000,0.169891
1049.600000,0.188263
1149.910000,0.206757
1250.220000,0.225372
1350.530000,0.244232
1450.840000,0.263153
1551.150000,0.282318
1651.460000,0.301483
1751.770000,0.321075
1852.080000,0.340912
1952.390000,0.360992
2052.700000,0.381378
2153.010000,0.402008
2253.320000,0.423065
2353.630000,0.444366
2453.940000,0.466095
2554.250000,0.488312
2654.560000,0.510956
2754.870000,0.534027
2855.180000,0.557739
2955.490000,0.581909
3055.800000,0.606750
3156.110000,0.632324
3256.420000,0.658630
3356.730000,0.685791
3457.040000,0.713806
3557.350000,0.742798
3657.660000,0.772949
3757.970000,0.804260
3858.280000,0.836792
3958.590000,0.871094
4058.900000,0.907043
4159.210000,0.945007
4259.520000,0.985168
4359.830000,1.028015
4460.140000,1.073853
4560.450000,1.118286
4660.760000,1.118286
4761.070000,1.118286
4861.380000,1.118286
4961.690000,1.118286
5062.000000,1.118286
5162.310000,1.118286
5262.620000,1.118286
5362.930000,1.118286
5463.240000,1.118286
5563.550000,1.118286
-6874.890000,-1.118286
-6774.580000,-1.118286
-6674.270000,-1.118286
-6573.960000,-1.118286
-6473.650000,-1.118286
-6373.340000,-1.118286
-6273.030000,-1.118286
-6172.720000,-1.118286
-6072.410000,-1.118286
-5972.100000,-1.118286
-5871.790000,-1.118286
-5771.480000,-1.118286
-5671.170000,-1.118286
-5570.860000,-1.105347
-5470.550000,-1.066040
-5370.240000,-1.028992
-5269.930000,-0.994019
-5169.620000,-0.960754
-5069.310000,-0.929016
-4969.000000,-0.898743
-4868.690000,-0.869751
-4768.380000,-0.841858
-4668.070000,-0.815002
-4567.760000,-0.789246
-4467.450000,-0.764160
-4367.140000,-0.739868
-4266.830000,-0.716309
-4166.520000,-0.693420
-4066.210000,-0.671082
-3965.900000,-0.649353
-3865.590000,-0.628174
-3765.280000,-0.607422
-3664.970000,-0.587219
-3564.660000,-0.567383
-3464.350000,-0.547943
-3364.040000,-0.528839
-3263.730000,-0.510162
-3163.420000,-0.491730
-3063.110000,-0.473602
-2962.800000,-0.455841
-2862.490000,-0.438263
-2762.180000,-0.420990
-2661.870000,-0.403900
-2561.560000,-0.387115
-2461.250000,-0.370453
-2360.940000,-0.353973
-2260.630000,-0.337738
-2160.320000,-0.321686
-2060.010000,-0.305756
-1959.700000,-0.290131
-1859.390000,-0.274506
-1759.080000,-0.259003
-1658.770000,-0.243622
-1558.460000,-0.228302
-1458.150000,-0.213165
-1357.840000,-0.198090
-1257.530000,-0.183136
-1157.220000,-0.168182
-1056.910000,-0.153351
-956.600000,-0.138580
-856.290000,-0.123871
-755.980000,-0.109222
-655.670000,-0.094574
-555.360000,-0.080048
-455.050000,-0.065521
-354.740000,-0.050995
-254.430000,-0.036530
-154.120000,-0.022064
-53.810000,-0.007599
46.500000,0.006561
146.810000,0.020966
247.120000,0.035431
347.430000,0.049957
447.740000,0.064484
548.050000,0.079010
648.360000,0.093536
748.670000,0.108185
848.980000,0.122833
949.290000,0.137482
1049.600000,0.152252
1149.910000,0.167084
1250.220000,0.182037
1350.530000,0.196991
1450.840000,0.212067
1551.150000,0.227203
1651.460000,0.242523
1751.770000,0.257904
1852.080000,0.273346
1952.390000,0.288971
2052.700000,0.304596
2153.010000,0.320526
2253.320000,0.336578
2353.630000,0.352814
2453.940000,0.369293
2554.250000,0.385895
2654.560000,0.402679
2754.870000,0.419769
2855.180000,0.437042
2955.490000,0.454559
3055.800000,0.472321
3156.110000,0.490448
3256.420000,0.508759
3356.730000,0.527496
3457.040000,0.546539
3557.350000,0.565918
3657.660000,0.585754
3757.970000,0.605957
3858.280000,0.626648
3958.590000,0.647827
4058.900000,0.669495
4159.210000,0.691772
4259.520000,0.714600
4359.830000,0.738098
4460.140000,0.762390
4560.450000,0.787354
4660.760000,0.813049
4761.070000,0.839844
4861.380000,0.867615
4961.690000,0.896606
5062.000000,0.926758
5162.310000,0.958374
5262.620000,0.991516
5362.930000,1.026428
5463.240000,1.063293
5563.550000,1.102417
5663.860000,1.118286
5764.170000,1.118286
5864.480000,1.118286
5964.790000,1.118286
6065.100000,1.118286
6165.410000,1.118286
6265.720000,1.118286
6366.030000,1.118286
6466.340000,1.118286
6566.650000,1.118286
6666.960000,1.118286
6767.270000,1.118286
6867.580000,1.118286
-8178.920000,-1.118286
-8078.610000,-1.118286
-7978.300000,-1.118286
-7877.990000,-1.118286
-7777.680000,-1.118286
-7677.370000,-1.118286
-7577.060000,-1.118286
-7476.750000,-1.118286
-7376.440000,-1.118286
-7276.130000,-1.118286
-7175.820000,-1.118286
-7075.510000,-1.118286
-6975.200000,-1.118286
-6874.890000,-1.118286
-6774.580000,-1.118286
-6674.270000,-1.118286
-6573.960000,-1.091003
-6473.650000,-1.058472
-6373.340000,-1.027527
-6273.030000,-0.997986
-6172.720000,-0.969666
-6072.410000,-0.942566
-5972.100000,-0.916443
-5871.790000,-0.891357
-5771.480000,-0.867065
-5671.170000,-0.843628
-5570.860000,-0.820862
-5470.550000,-0.799011
-5370.240000,-0.777588
-5269.930000,-0.756714
-5169.620000,-0.736389
-5069.310000,-0.716614
-4969.000000,-0.697266
-4868.690000,-0.678345
-4768.380000,-0.659851
-4668.070000,-0.641785
-4567.760000,-0.624084
-4467.450000,-0.606628
-4367.140000,-0.589600
-4266.830000,-0.572815
-4166.520000,-0.556335
-4066.210000,-0.540131
-3965.900000,-0.524139
-3865.590000,-0.508453
-3765.280000,-0.493011
-3664.970000,-0.477692
-3564.660000,-0.462616
-3464.350000,-0.447784
-3364.040000,-0.433075
-3263.730000,-0.418549
-3163.420000,-0.404205
-3063.110000,-0.389984
-2962.800000,-0.375946
-2862.490000,-0.362091
-2762.180000,-0.348236
-2661.870000,-0.334625
-2561.560000,-0.321075
-2461.250000,-0.307709
-2360.940000,-0.294403
-2260.630000,-0.281342
-2160.320000,-0.268219
-2060.010000,-0.255219
-1959.700000,-0.242279
-1859.390000,-0.229401
-1759.080000,-0.216583
-1658.770000,-0.203888
-1558.460000,-0.191254
-1458.150000,-0.178680
-1357.840000,-0.166107
-1257.530000,-0.153595
-1157.220000,-0.141205
-1056.910000,-0.128815
-956.600000,-0.116425
-856.290000,-0.104095
-755.980000,-0.091827
-655.670000,-0.079559
-555.360000,-0.067352
-455.050000,-0.055145
-354.740000,-0.042877
-254.430000,-0.030731
-154.120000,-0.018524
-53.810000,-0.006378
46.500000,0.005463
146.810000,0.017670
247.120000,0.029816
347.430000,0.042023
447.740000,0.054230
548.050000,0.066437
648.360000,0.078644
748.670000,0.090912
848.980000,0.103180
949.290000,0.115570
1049.600000,0.127899
1149.910000,0.140289
1250.220000,0.152740
1350.530000,0.165192
1450.840000,0.177765
1551.150000,0.190338
1651.460000,0.202972
1751.770000,0.215668
1852.080000,0.228424
1952.390000,0.241364
2052.700000,0.254242
2153.010000,0.267303
2253.320000,0.280365
2353.630000,0.293610
2453.940000,0.306732
2554.250000,0.320099
2654.560000,0.333649
2754.870000,0.347260
2855.180000,0.361053
2955.490000,0.374969
3055.800000,0.388947
3156.110000,0.403168
3256.420000,0.417450
3356.730000,0.432037
3457.040000,0.446686
3557.350000,0.461517
3657.660000,0.476593
3757.970000,0.491852
3858.280000,0.507355
3958.590000,0.523041
4058.900000,0.538971
4159.210000,0.555176
4259.520000,0.571594
4359.830000,0.588379
4460.140000,0.605408
4560.450000,0.622803
4660.760000,0.640503
4761.070000,0.658569
4861.380000,0.677002
4961.690000,0.695862
5062.000000,0.715149
5162.310000,0.734924
5262.620000,0.755249
5362.930000,0.776001
5463.240000,0.797424
5563.550000,0.819275
5663.860000,0.841919
5764.170000,0.865295
5864.480000,0.889526
5964.790000,0.914612
6065.100000,0.940674
6165.410000,0.967651
6265.720000,0.995911
6366.030000,1.025330
6466.340000,1.056213
6566.650000,1.088562
6666.960000,1.118286
6767.270000,1.118286
6867.580000,1.118286
6967.890000,1.118286
7068.200000,1.118286
7168.510000,1.118286
7268.820000,1.118286
7369.130000,1.118286
7469.440000,1.118286
7569.750000,1.118286
7670.060000,1.118286
7770.370000,1.118286
7870.680000,1.118286
7970.990000,1.118286
8071.300000,1.118286
8171.610000,1.118286
-9482.950000,-1.118286
-9382.640000,-1.118286
-9282.330000,-1.118286
-9182.020000,-1.118286
-9081.710000,-1.118286
-8981.400000,-1.118286
-8881.090000,-1.118286
-8780.780000,-1.118286
-8680.470000,-1.118286
-8580.160000,-1.118286
-8479.850000,-1.118286
-8379.540000,-1.118286
-8279.230000,-1.118286
-8178.920000,-1.118286
-8078.610000,-1.118286
-7978.300000,-1.118286
-7877.990000,-1.118286
-7777.680000,-1.118286
-7677.370000,-1.109802
-7577.060000,-1.080811
-7476.750000,-1.053040
-7376.440000,-1.026428
-7276.130000,-1.000916
-7175.820000,-0.976257
-7075.510000,-0.952576
-6975.200000,-0.929626
-6874.890000,-0.907471
-6774.580000,-0.885986
-6674.270000,-0.865112
-6573.960000,-0.844910
-6473.650000,-0.825195
-6373.340000,-0.806030
-6273.030000,-0.787476
-6172.720000,-0.769226
-6072.410000,-0.751343
-5972.100000,-0.733887
-5871.790000,-0.716797
-5771.480000,-0.700073
-5671.170000,-0.683716
-5570.860000,-0.667603
-5470.550000,-0.651794
-5370.240000,-0.636292
-5269.930000,-0.621094
-5169.620000,-0.606079
-5069.310000,-0.591309
-4969.000000,-0.576843
-4868.690000,-0.562500
-4768.380000,-0.548431
-4668.070000,-0.534454
-4567.760000,-0.520782
-4467.450000,-0.507233
-4367.140000,-0.493866
-4266.830000,-0.480621
-4166.520000,-0.467560
-4066.210000,-0.454681
-3965.900000,-0.441925
-3865.590000,-0.429291
-3765.280000,-0.416779
-3664.970000,-0.404388
-3564.660000,-0.392120
-3464.350000,-0.379974
-3364.040000,-0.367950
-3263.730000,-0.355927
-3163.420000,-0.344086
-3063.110000,-0.332367
-2962.800000,-0.320648
-2862.490000,-0.309113
-2762.180000,-0.297577
-2661.870000,-0.286346
-2561.560000,-0.274994
-2461.250000,-0.263702
-2360.940000,-0.252472
-2260.630000,-0.241302
-2160.320000,-0.230194
-2060.010000,-0.219147
-1959.700000,-0.208160
-1859.390000,-0.197174
-1759.080000,-0.186310
-1658.770000,-0.175446
-1558.460000,-0.164581
-1458.150000,-0.153839
-1357.840000,-0.143097
-1257.530000,-0.132355
-1157.220000,-0.121735
-1056.910000,-0.111053
-956.600000,-0.100372
-856.290000,-0.089813
-755.980000,-0.079193
-655.670000,-0.068634
-555.360000,-0.058136
-455.050000,-0.047577
-354.740000,-0.037018
-254.430000,-0.026520
-154.120000,-0.015961
-53.810000,-0.005463
46.500000,0.004730
146.810000,0.015228
247.120000,0.025726
347.430000,0.036224
447.740000,0.046783
548.050000,0.057343
648.360000,0.067902
748.670000,0.078461
848.980000,0.089020
949.290000,0.099640
1049.600000,0.110260
1149.910000,0.120941
1250.220000,0.131622
1350.530000,0.142303
1450.840000,0.153046
1551.150000,0.163788
1651.460000,0.174652
1751.770000,0.185516
1852.080000,0.196381
1952.390000,0.207306
2052.700000,0.218292
2153.010000,0.229340
2253.320000,0.240509
2353.630000,0.251678
2453.940000,0.262848
2554.250000,0.274139
2654.560000,0.285492
2754.870000,0.296783
2855.180000,0.308258
2955.490000,0.319855
3055.800000,0.331512
3156.110000,0.343231
3256.420000,0.355072
3356.730000,0.367035
3457.040000,0.379059
3557.350000,0.391205
3657.660000,0.403473
3757.970000,0.415863
3858.280000,0.428375
3958.590000,0.441010
4058.900000,0.453766
4159.210000,0.466644
4259.520000,0.479706
4359.830000,0.492889
4460.140000,0.506256
4560.450000,0.519806
4660.760000,0.533478
4761.070000,0.547394
4861.380000,0.561462
4961.690000,0.575745
5062.000000,0.590271
5162.310000,0.604980
5262.620000,0.619995
5362.930000,0.635193
5463.240000,0.650696
5563.550000,0.666443
5663.860000,0.682556
5764.170000,0.698914
5864.480000,0.715576
5964.790000,0.732605
6065.100000,0.750061
6165.410000,0.767883
6265.720000,0.786133
6366.030000,0.804810
6466.340000,0.823792
6566.650000,0.843445
6666.960000,0.863647
6767.270000,0.884460
6867.580000,0.905884
6967.890000,0.927979
7068.200000,0.950867
7168.510000,0.974548
7268.820000,0.999084
7369.130000,1.024536
7469.440000,1.051025
7569.750000,1.078735
7670.060000,1.107666
7770.370000,1.118286
7870.680000,1.118286
7970.990000,1.118286
8071.300000,1.118286
8171.610000,1.118286
8271.920000,1.118286
8372.230000,1.118286
8472.540000,1.118286
8572.850000,1.118286
8673.160000,1.118286
8773.470000,1.118286
8873.780000,1.118286
8974.090000,1.118286
9074.400000,1.118286
9174.710000,1.118286
9275.020000,1.118286
9375.330000,1.118286
9475.640000,1.118286
